{
    "results": {
        "tool": {
            "name": "pytest",
            "version": "8.4.1"
        },
        "summary": {
            "tests": 2,
            "passed": 2,
            "failed": 0,
            "skipped": 0,
            "pending": 0,
            "other": 0,
            "start": 1777034311.7502863,
            "stop": 1777034311.7610018
        },
        "tests": [
            {
                "name": "test_final_state.py::test_script_exists",
                "status": "passed",
                "duration": 0.00047508394345641136,
                "start": 1777034311.757591,
                "stop": 1777034311.7582662,
                "retries": 0,
                "file_path": "test_final_state.py"
            },
            {
                "name": "test_final_state.py::test_amika_validation",
                "status": "passed",
                "duration": 0.002234694897197187,
                "start": 1777034311.7584548,
                "stop": 1777034311.7608397,
                "retries": 0,
                "file_path": "test_final_state.py"
            }
        ]
    }
}